{
    "3/31/2021": {
        "tvl": 42245.6262277397,
        "revenue": 12.213282786997407,
        "volume": 4619.312102970329,
        "rr": 0.00028910171010739595,
        "apr": 0.10552212418919953
    },
    "4/1/2021": {
        "tvl": 43919.49071121453,
        "revenue": 9.472530290517037,
        "volume": 3192.465888162593,
        "rr": 0.0002156794201645488,
        "apr": 0.07872298836006031
    },
    "4/2/2021": {
        "tvl": 47619.92033927124,
        "revenue": 12.185366747038207,
        "volume": 4199.324338279631,
        "rr": 0.0002558880119962983,
        "apr": 0.09339912437864888
    },
    "4/3/2021": {
        "tvl": 45919.779522317665,
        "revenue": 7.987747050491504,
        "volume": 2583.7475299429952,
        "rr": 0.00017395003054423085,
        "apr": 0.06349176114864426
    },
    "4/4/2021": {
        "tvl": 49049.241505918944,
        "revenue": 11.980552779714476,
        "volume": 4104.530850808993,
        "rr": 0.00024425561765860826,
        "apr": 0.089153300445392
    },
    "4/5/2021": {
        "tvl": 53616.70325414992,
        "revenue": 21.776641183620878,
        "volume": 7518.78668290758,
        "rr": 0.00040615405017344796,
        "apr": 0.1482462283133085
    },
    "4/6/2021": {
        "tvl": 83975.47626487573,
        "revenue": 27.946718988351815,
        "volume": 9220.44975497511,
        "rr": 0.00033279619516776753,
        "apr": 0.12147061123623515
    },
    "4/7/2021": {
        "tvl": 80930.8702508034,
        "revenue": 11.487957428016651,
        "volume": 3729.881496689023,
        "rr": 0.00014194778077160995,
        "apr": 0.05181093998163763
    },
    "4/8/2021": {
        "tvl": 73272.74953205817,
        "revenue": 4.999058664759681,
        "volume": 1692.290136667677,
        "rr": 0.00006822534566650186,
        "apr": 0.024902251168273177
    },
    "4/9/2021": {
        "tvl": 78919.27057755047,
        "revenue": 7.849383209282764,
        "volume": 2635.9363102010875,
        "rr": 0.00009946091939065153,
        "apr": 0.03630323557758781
    },
    "4/10/2021": {
        "tvl": 80158.65243242246,
        "revenue": 13.11772950032699,
        "volume": 4406.012746183251,
        "rr": 0.00016364708116052546,
        "apr": 0.059731184623591796
    },
    "4/11/2021": {
        "tvl": 76664.18870734927,
        "revenue": 6.117175984448789,
        "volume": 1971.051216193747,
        "rr": 0.00007979183093947457,
        "apr": 0.029124018292908217
    },
    "4/12/2021": {
        "tvl": 76406.10826210694,
        "revenue": 6.845378066383548,
        "volume": 2172.1850701983026,
        "rr": 0.00008959202637177719,
        "apr": 0.03270108962569867
    },
    "4/13/2021": {
        "tvl": 93186.80963514447,
        "revenue": 61.10434588092845,
        "volume": 20628.507192391284,
        "rr": 0.0006557188310252394,
        "apr": 0.2393373733242124
    },
    "4/14/2021": {
        "tvl": 91157.20072287074,
        "revenue": 9.345348266321194,
        "volume": 3050.1196940717555,
        "rr": 0.00010251903516357658,
        "apr": 0.03741944783470545
    },
    "4/15/2021": {
        "tvl": 94629.85764419213,
        "revenue": 9.01384370153188,
        "volume": 3051.874849491441,
        "rr": 0.00009525369609477692,
        "apr": 0.03476759907459357
    },
    "4/16/2021": {
        "tvl": 97465.76665115033,
        "revenue": 40.80434100264664,
        "volume": 13878.247789246121,
        "rr": 0.0004186530553716734,
        "apr": 0.1528083652106608
    },
    "4/17/2021": {
        "tvl": 89311.16909236241,
        "revenue": 42.33520872065345,
        "volume": 13393.968300125445,
        "rr": 0.00047401919772063327,
        "apr": 0.17301700716803114
    },
    "4/18/2021": {
        "tvl": 71569.62751406983,
        "revenue": 18.600588330321496,
        "volume": 6251.4888349417815,
        "rr": 0.0002598949998260759,
        "apr": 0.0948616749365177
    },
    "4/19/2021": {
        "tvl": 55277.46728752648,
        "revenue": 13.005997764957948,
        "volume": 3735.1900564799357,
        "rr": 0.00023528570325603157,
        "apr": 0.08587928168845152
    },
    "4/20/2021": {
        "tvl": 52464.30943812354,
        "revenue": 0.54981,
        "volume": 164.3905092259506,
        "rr": 0.00001047969573769853,
        "apr": 0.0038250889442599635
    },
    "4/22/2021": {
        "tvl": 20881.050332102055,
        "revenue": 25.974677091678238,
        "volume": 7977.816318298008,
        "rr": 0.0012439353709973754,
        "apr": 0.454036410414042
    },
    "4/23/2021": {
        "tvl": 21780.44796903199,
        "revenue": 1.5721593423895766,
        "volume": 523.5546639976684,
        "rr": 0.00007218213990019461,
        "apr": 0.02634648106357103
    },
    "4/25/2021": {
        "tvl": 21640.60217033059,
        "revenue": 4.743685111891113,
        "volume": 1581.0862766529815,
        "rr": 0.00021920300898071763,
        "apr": 0.08000909827796193
    },
    "4/26/2021": {
        "tvl": 1114.393574146154,
        "revenue": 1.5943095281752948,
        "volume": 543.5923621377735,
        "rr": 0.0014306521189310082,
        "apr": 0.522188023409818
    },
    "4/27/2021": {
        "tvl": 1067.4700452902237,
        "revenue": 0,
        "volume": 0,
        "rr": 0,
        "apr": 0
    },
    "4/28/2021": {
        "tvl": 1014.0355102864304,
        "revenue": 0,
        "volume": 0,
        "rr": 0,
        "apr": 0
    },
    "4/29/2021": {
        "tvl": 669.6558752028608,
        "revenue": 0,
        "volume": 0,
        "rr": 0,
        "apr": 0
    },
    "5/5/2021": {
        "tvl": 352.5519691347054,
        "revenue": 0,
        "volume": 0,
        "rr": 0,
        "apr": 0
    }
}